{
  "losses": [
    1.0169310887307579,
    1.002522634106432,
    1.0000788650137888,
    1.0000651595894425,
    1.0000606311981335,
    1.000061875868052,
    1.0000618118386082,
    1.0000583425359435,
    1.0000587798101934,
    1.0000581811609226,
    1.0000591645074204,
    1.0000565031209887,
    1.000056522121596,
    1.0000597397312847,
    1.000058875073512,
    1.000057831601805,
    1.0000576998989654,
    1.000057021082749,
    1.0000566121792689,
    1.0000225742831501,
    0.9991822680011067,
    0.9945613533648862,
    0.984729418587997,
    0.9708107709884644,
    0.9573138629505208,
    0.9510016610528704,
    0.9491579126582916,
    0.9485426693504033,
    0.9480399705437073,
    0.9440768673430364,
    0.9324899112813858,
    0.9189104534132512,
    0.9072450206789908,
    0.89284513975335,
    0.8715413449633069,
    0.8507179066083317,
    0.8389970282800333,
    0.8294719582561842,
    0.8254663793280655,
    0.8213298820512264,
    0.819522060941921,
    0.8188865052039966,
    0.8159585009495764,
    0.8153459809753052,
    0.8140600440804094,
    0.8127376150876674,
    0.8112232580976194,
    0.8111869958290366,
    0.8098712183502563,
    0.8094880578299277,
    0.8083132078553912,
    0.8077719505697358,
    0.8083325189794516,
    0.806563463013245,
    0.8059472262078498,
    0.8059902219793161,
    0.8052145404066061,
    0.8042010649322943,
    0.8048818009909584,
    0.8040979905419995,
    0.8038849021149514,
    0.8027024266501182,
    0.8023724287878478,
    0.802512530156098,
    0.8022615347366666,
    0.8021238719532063,
    0.8011454421880464,
    0.8012557714266548,
    0.8018937100489587,
    0.8013672508527098,
    0.800103687303035,
    0.8013098953072161,
    0.8004531006625646,
    0.8006813073262377,
    0.7999315618427559,
    0.7999798572219615,
    0.7998142148730015,
    0.7996085916023588,
    0.7996396841440659,
    0.7983660822872511
  ],
  "metrics": {
    "both": {
      "optimistic": {
        "adjusted_arithmetic_mean_rank": 0.03181901179235529,
        "adjusted_arithmetic_mean_rank_index": 0.9682610014412575,
        "adjusted_geometric_mean_rank_index": 0.9955713925045825,
        "adjusted_hits_at_k": 0.3533599153910494,
        "adjusted_inverse_harmonic_mean_rank": 0.17246405467746018,
        "arithmetic_mean_rank": 385.0501577287066,
        "count": 3170.0,
        "geometric_mean_rank": 40.393580972003306,
        "harmonic_mean_rank": 5.786042084513012,
        "hits_at_1": 0.08895899053627761,
        "hits_at_10": 0.3536277602523659,
        "hits_at_3": 0.18990536277602524,
        "hits_at_5": 0.2586750788643533,
        "inverse_arithmetic_mean_rank": 0.002597064252352719,
        "inverse_geometric_mean_rank": 0.024756408714867284,
        "inverse_harmonic_mean_rank": 0.1728297142318774,
        "inverse_median_rank": 0.037037037037037035,
        "median_absolute_deviation": 38.54765768114565,
        "median_rank": 27.0,
        "standard_deviation": 969.8720952168985,
        "variance": 940651.8810804167,
        "z_arithmetic_mean_rank": 94.31418978755681,
        "z_geometric_mean_rank": 56.129436290912444,
        "z_hits_at_k": 977.3426285022211,
        "z_inverse_harmonic_mean_rank": 1177.5563008705462
      },
      "pessimistic": {
        "adjusted_arithmetic_mean_rank": 0.03181901179235529,
        "adjusted_arithmetic_mean_rank_index": 0.9682610014412575,
        "adjusted_geometric_mean_rank_index": 0.9955713925045825,
        "adjusted_hits_at_k": 0.3533599153910494,
        "adjusted_inverse_harmonic_mean_rank": 0.17246405467746018,
        "arithmetic_mean_rank": 385.0501577287066,
        "count": 3170.0,
        "geometric_mean_rank": 40.393580972003306,
        "harmonic_mean_rank": 5.786042084513012,
        "hits_at_1": 0.08895899053627761,
        "hits_at_10": 0.3536277602523659,
        "hits_at_3": 0.18990536277602524,
        "hits_at_5": 0.2586750788643533,
        "inverse_arithmetic_mean_rank": 0.002597064252352719,
        "inverse_geometric_mean_rank": 0.024756408714867284,
        "inverse_harmonic_mean_rank": 0.1728297142318774,
        "inverse_median_rank": 0.037037037037037035,
        "median_absolute_deviation": 38.54765768114565,
        "median_rank": 27.0,
        "standard_deviation": 969.8720952168985,
        "variance": 940651.8810804167,
        "z_arithmetic_mean_rank": 94.31418978755681,
        "z_geometric_mean_rank": 56.129436290912444,
        "z_hits_at_k": 977.3426285022211,
        "z_inverse_harmonic_mean_rank": 1177.5563008705462
      },
      "realistic": {
        "adjusted_arithmetic_mean_rank": 0.03181901288064941,
        "adjusted_arithmetic_mean_rank_index": 0.9682610003528734,
        "adjusted_geometric_mean_rank_index": 0.9955713911710093,
        "adjusted_hits_at_k": 0.3533599153910494,
        "adjusted_inverse_harmonic_mean_rank": 0.17246407275242048,
        "arithmetic_mean_rank": 385.0501708984375,
        "count": 3170.0,
        "geometric_mean_rank": 40.393592834472656,
        "harmonic_mean_rank": 5.786041259765625,
        "hits_at_1": 0.08895899053627761,
        "hits_at_10": 0.3536277602523659,
        "hits_at_3": 0.18990536277602524,
        "hits_at_5": 0.2586750788643533,
        "inverse_arithmetic_mean_rank": 0.00259706424549222,
        "inverse_geometric_mean_rank": 0.024756401777267456,
        "inverse_harmonic_mean_rank": 0.172829732298851,
        "inverse_median_rank": 0.03703703731298447,
        "median_absolute_deviation": 38.54765701293945,
        "median_rank": 27.0,
        "standard_deviation": 969.8720703125,
        "variance": 940651.8125,
        "z_arithmetic_mean_rank": 94.31418968154195,
        "z_geometric_mean_rank": 56.12943621572677,
        "z_hits_at_k": 977.3426285022211,
        "z_inverse_harmonic_mean_rank": 1177.556424283413
      }
    },
    "head": {
      "optimistic": {
        "adjusted_arithmetic_mean_rank": 0.06046149646517148,
        "adjusted_arithmetic_mean_rank_index": 0.9396183037839231,
        "adjusted_geometric_mean_rank_index": 0.9722938144339309,
        "adjusted_hits_at_k": 0.07405341923846404,
        "adjusted_inverse_harmonic_mean_rank": 0.039863905805910586,
        "arithmetic_mean_rank": 711.9116719242902,
        "count": 1585.0,
        "geometric_mean_rank": 240.729060081387,
        "harmonic_mean_rank": 24.81442269767731,
        "hits_at_1": 0.02018927444794953,
        "hits_at_10": 0.07444794952681388,
        "hits_at_3": 0.028391167192429023,
        "hits_at_5": 0.045425867507886436,
        "inverse_arithmetic_mean_rank": 0.0014046686399971642,
        "inverse_geometric_mean_rank": 0.004154047706836535,
        "inverse_harmonic_mean_rank": 0.040299144259100673,
        "inverse_median_rank": 0.0027397260273972603,
        "median_absolute_deviation": 480.363118795815,
        "median_rank": 365.0,
        "standard_deviation": 990.2735993965877,
        "variance": 980641.8016618735,
        "z_arithmetic_mean_rank": 64.68628027105213,
        "z_geometric_mean_rank": 38.77155066816285,
        "z_hits_at_k": 142.7974065217296,
        "z_inverse_harmonic_mean_rank": 189.76721011163178
      },
      "pessimistic": {
        "adjusted_arithmetic_mean_rank": 0.06046149646517148,
        "adjusted_arithmetic_mean_rank_index": 0.9396183037839231,
        "adjusted_geometric_mean_rank_index": 0.9722938144339309,
        "adjusted_hits_at_k": 0.07405341923846404,
        "adjusted_inverse_harmonic_mean_rank": 0.039863905805910586,
        "arithmetic_mean_rank": 711.9116719242902,
        "count": 1585.0,
        "geometric_mean_rank": 240.729060081387,
        "harmonic_mean_rank": 24.81442269767731,
        "hits_at_1": 0.02018927444794953,
        "hits_at_10": 0.07444794952681388,
        "hits_at_3": 0.028391167192429023,
        "hits_at_5": 0.045425867507886436,
        "inverse_arithmetic_mean_rank": 0.0014046686399971642,
        "inverse_geometric_mean_rank": 0.004154047706836535,