{
  "losses": [
    0.884244101016282,
    0.7163371498407756,
    0.5990047748952974,
    0.5076831354064192,
    0.4422877557152744,
    0.38468906947098447,
    0.34015566318836793,
    0.29819757728857765,
    0.26969715172026354,
    0.2427100024499227,
    0.21455830120884176,
    0.1906998737930731,
    0.16983985790258932,
    0.14645141070326342,
    0.12580761238607258,
    0.10559118350390263,
    0.08836422014704959,
    0.07437382819025277,
    0.06127889778904259,
    0.050474642828822656,
    0.042762496984486496,
    0.037462004627137724,
    0.03211073928785116,
    0.02875092807408894,
    0.025545228516691117,
    0.02367015441017445,
    0.021064855577220824,
    0.020907230866365298,
    0.01979917956223329,
    0.01773046217370762,
    0.01834375258152857,
    0.01694324115640992,
    0.016518182019036116,
    0.016018760126230498,
    0.0157810057367007,
    0.015138011423700111,
    0.014632120526163923,
    0.015975091984601262,
    0.015358729989524101,
    0.015613478821942249,
    0.014847361328137233,
    0.014469176976164747,
    0.015372622361626297,
    0.014652383163994316,
    0.013885330213599851
  ],
  "metrics": {
    "both": {
      "optimistic": {
        "adjusted_arithmetic_mean_rank": 0.03581898608916481,
        "adjusted_arithmetic_mean_rank_index": 0.9642606965751828,
        "adjusted_geometric_mean_rank_index": 0.9974206533700503,
        "adjusted_hits_at_k": 0.47423017034723686,
        "adjusted_inverse_harmonic_mean_rank": 0.2824787558813835,
        "arithmetic_mean_rank": 433.45488958990535,
        "count": 3170.0,
        "geometric_mean_rank": 23.94393902077112,
        "harmonic_mean_rank": 3.5361203623926234,
        "hits_at_1": 0.18485804416403787,
        "hits_at_10": 0.4744479495268139,
        "hits_at_3": 0.33406940063091484,
        "hits_at_5": 0.3965299684542587,
        "inverse_arithmetic_mean_rank": 0.0023070451482185535,
        "inverse_geometric_mean_rank": 0.041764222634066615,
        "inverse_harmonic_mean_rank": 0.2827958037388117,
        "inverse_median_rank": 0.07142857142857142,
        "median_absolute_deviation": 19.273828840572826,
        "median_rank": 14.0,
        "standard_deviation": 1440.696738213207,
        "variance": 2075607.091498174,
        "z_arithmetic_mean_rank": 93.92453708876437,
        "z_geometric_mean_rank": 56.23369598611363,
        "z_hits_at_k": 1311.652343728076,
        "z_inverse_harmonic_mean_rank": 1928.7186508068862
      },
      "pessimistic": {
        "adjusted_arithmetic_mean_rank": 0.03581906429359832,
        "adjusted_arithmetic_mean_rank_index": 0.9642606183642862,
        "adjusted_geometric_mean_rank_index": 0.9974206456790854,
        "adjusted_hits_at_k": 0.47423017034723686,
        "adjusted_inverse_harmonic_mean_rank": 0.2824787313722108,
        "arithmetic_mean_rank": 433.4558359621451,
        "count": 3170.0,
        "geometric_mean_rank": 23.94400743384342,
        "harmonic_mean_rank": 3.5361206687235365,
        "hits_at_1": 0.18485804416403787,
        "hits_at_10": 0.4744479495268139,
        "hits_at_3": 0.33406940063091484,
        "hits_at_5": 0.3965299684542587,
        "inverse_arithmetic_mean_rank": 0.0023070401112037,
        "inverse_geometric_mean_rank": 0.04176410330488621,
        "inverse_harmonic_mean_rank": 0.2827957792404688,
        "inverse_median_rank": 0.07142857142857142,
        "median_absolute_deviation": 19.273828840572826,
        "median_rank": 14.0,
        "standard_deviation": 1440.7002260792951,
        "variance": 2075617.1414249323,
        "z_arithmetic_mean_rank": 93.92452947057328,
        "z_geometric_mean_rank": 56.233695552503825,
        "z_hits_at_k": 1311.652343728076,
        "z_inverse_harmonic_mean_rank": 1928.718483462272
      },
      "realistic": {
        "adjusted_arithmetic_mean_rank": 0.03581902436561454,
        "adjusted_arithmetic_mean_rank_index": 0.9642606582955697,
        "adjusted_geometric_mean_rank_index": 0.9974206494892734,
        "adjusted_hits_at_k": 0.47423017034723686,
        "adjusted_inverse_harmonic_mean_rank": 0.2824787688082111,
        "arithmetic_mean_rank": 433.4553527832031,
        "count": 3170.0,
        "geometric_mean_rank": 23.943973541259766,
        "harmonic_mean_rank": 3.5361201763153076,
        "hits_at_1": 0.18485804416403787,
        "hits_at_10": 0.4744479495268139,
        "hits_at_3": 0.33406940063091484,
        "hits_at_5": 0.3965299684542587,
        "inverse_arithmetic_mean_rank": 0.0023070427123457193,
        "inverse_geometric_mean_rank": 0.041764162480831146,
        "inverse_harmonic_mean_rank": 0.28279581665992737,
        "inverse_median_rank": 0.0714285746216774,
        "median_absolute_deviation": 19.273828506469727,
        "median_rank": 14.0,
        "standard_deviation": 1440.698486328125,
        "variance": 2075612.125,
        "z_arithmetic_mean_rank": 93.92453336010993,
        "z_geometric_mean_rank": 56.233695767318856,
        "z_hits_at_k": 1311.652343728076,
        "z_inverse_harmonic_mean_rank": 1928.7187390691465
      }
    },
    "head": {
      "optimistic": {
        "adjusted_arithmetic_mean_rank": 0.05789639183837848,
        "adjusted_arithmetic_mean_rank_index": 0.942183626279369,
        "adjusted_geometric_mean_rank_index": 0.9840415875619668,
        "adjusted_hits_at_k": 0.1314911416987911,
        "adjusted_inverse_harmonic_mean_rank": 0.08676654419770256,
        "arithmetic_mean_rank": 681.7085173501578,
        "count": 1585.0,
        "geometric_mean_rank": 139.08090633905428,
        "harmonic_mean_rank": 11.470452178798384,
        "hits_at_1": 0.05993690851735016,
        "hits_at_10": 0.13186119873817034,
        "hits_at_3": 0.08075709779179811,
        "hits_at_5": 0.10031545741324921,
        "inverse_arithmetic_mean_rank": 0.001466902605070948,
        "inverse_geometric_mean_rank": 0.007190059558298962,
        "inverse_harmonic_mean_rank": 0.0871805212569011,
        "inverse_median_rank": 0.004975124378109453,
        "median_absolute_deviation": 278.72921707905317,
        "median_rank": 201.0,
        "standard_deviation": 1491.345833733733,
        "variance": 2224112.3957949625,
        "z_arithmetic_mean_rank": 64.86288514268755,
        "z_geometric_mean_rank": 39.24000924962252,
        "z_hits_at_k": 253.5547204742152,
        "z_inverse_harmonic_mean_rank": 413.0414391302393
      },
      "pessimistic": {
        "adjusted_arithmetic_mean_rank": 0.05789644542094505,
        "adjusted_arithmetic_mean_rank_index": 0.9421835726922514,
        "adjusted_geometric_mean_rank_index": 0.9840414982103415,
        "adjusted_hits_at_k": 0.1314911416987911,
        "adjusted_inverse_harmonic_mean_rank": 0.0867664951990257,
        "arithmetic_mean_rank": 681.7091482649843,
        "count": 1585.0,
        "geometric_mean_rank": 139.0816794581505,
        "harmonic_mean_rank": 11.470458622697903,
        "hits_at_1": 0.05993690851735016,
        "hits_at_10": 0.13186119873817034,
        "hits_at_3": 0.08075709779179811,
        "hits_at_5": 0.10031545741324921,
        "inverse_arithmetic_mean_rank": 0.0014669012474676287,
        "inverse_geometric_mean_rank": 0.007190019590616885,
        "inverse_harmonic_mean_rank": 0.08718047228043577,
        "inverse_median_rank": 0.004975124378109453,
        "median_absolute_deviation": 278.72921707905317,
        "median_rank": 201.0,
        "standard_deviation": 1491.3455933525966,
        "variance": 2224111.678812208,
        "z_arithmetic_mean_rank": 64.86288145358178,
        "z_geometric_mean_rank": 39.24000568660379,
        "z_hits_at_k": 253.5547204742152,
        "z_inverse_harmonic_mean_rank": 413.04120587807745
      },
      "realistic": {
        "adjusted_arithmetic_mean_rank": 0.05789642113480373,
        "adjusted_arithmetic_mean_rank_index": 0.9421835969804555,
        "adjusted_geometric_mean_rank_index": 0.9840415439643646,
        "adjusted_hits_at_k": 0.1314911416987911,