{
  "losses": [
    0.9360367195054433,
    0.6779693916895504,
    0.5342849752007613,
    0.4397859846660664,
    0.36629178495386283,
    0.3078428763879959,
    0.2665380155545655,
    0.22570446192177102,
    0.19857074795331497,
    0.17946002954478868,
    0.15536646300918672,
    0.13720708207011745,
    0.126493609107738,
    0.11067051508801473,
    0.10045079271996386,
    0.09004597003087726,
    0.08446464293908865,
    0.07453607935377084,
    0.06999396371724304,
    0.06478611987458306,
    0.060436553732536764,
    0.051953004904937275,
    0.051877177340755296,
    0.0492773805155244,
    0.0465066308424072
  ],
  "metrics": {
    "both": {
      "optimistic": {
        "adjusted_arithmetic_mean_rank": 0.16878899378956436,
        "adjusted_arithmetic_mean_rank_index": 0.8312796998547352,
        "adjusted_geometric_mean_rank_index": 0.9813926543098208,
        "adjusted_hits_at_k": 0.21828819444784253,
        "adjusted_inverse_harmonic_mean_rank": 0.10100447620118176,
        "arithmetic_mean_rank": 2042.559621451104,
        "count": 3170.0,
        "geometric_mean_rank": 166.51703439029492,
        "harmonic_mean_rank": 9.86176650691926,
        "hits_at_1": 0.04700315457413249,
        "hits_at_10": 0.21861198738170348,
        "hits_at_3": 0.10441640378548896,
        "hits_at_5": 0.14668769716088328,
        "inverse_arithmetic_mean_rank": 0.0004895817921288221,
        "inverse_geometric_mean_rank": 0.006005391602495911,
        "inverse_harmonic_mean_rank": 0.10140171127539627,
        "inverse_median_rank": 0.00477326968973747,
        "median_absolute_deviation": 307.6399603399124,
        "median_rank": 209.5,
        "standard_deviation": 3711.9835056381685,
        "variance": 13778821.546129826,
        "z_arithmetic_mean_rank": 80.97142326494827,
        "z_geometric_mean_rank": 55.33005154745745,
        "z_hits_at_k": 603.7537039156263,
        "z_inverse_harmonic_mean_rank": 689.6420102685614
      },
      "pessimistic": {
        "adjusted_arithmetic_mean_rank": 0.16878920233472036,
        "adjusted_arithmetic_mean_rank_index": 0.8312794912923444,
        "adjusted_geometric_mean_rank_index": 0.9813926326829825,
        "adjusted_hits_at_k": 0.21828819444784253,
        "adjusted_inverse_harmonic_mean_rank": 0.1010044743616201,
        "arithmetic_mean_rank": 2042.56214511041,
        "count": 3170.0,
        "geometric_mean_rank": 166.51722676647807,
        "harmonic_mean_rank": 9.861766685745748,
        "hits_at_1": 0.04700315457413249,
        "hits_at_10": 0.21861198738170348,
        "hits_at_3": 0.10441640378548896,
        "hits_at_5": 0.14668769716088328,
        "inverse_arithmetic_mean_rank": 0.0004895811872328346,
        "inverse_geometric_mean_rank": 0.00600538466450915,
        "inverse_harmonic_mean_rank": 0.10140170943664745,
        "inverse_median_rank": 0.00477326968973747,
        "median_absolute_deviation": 307.6399603399124,
        "median_rank": 209.5,
        "standard_deviation": 3711.985872811886,
        "variance": 13778839.11995502,
        "z_arithmetic_mean_rank": 80.97140294977203,
        "z_geometric_mean_rank": 55.330050328155394,
        "z_hits_at_k": 603.7537039156263,
        "z_inverse_harmonic_mean_rank": 689.6419977083359
      },
      "realistic": {
        "adjusted_arithmetic_mean_rank": 0.16878910052512378,
        "adjusted_arithmetic_mean_rank_index": 0.8312795931103547,
        "adjusted_geometric_mean_rank_index": 0.9813926463603841,
        "adjusted_hits_at_k": 0.21828819444784253,
        "adjusted_inverse_harmonic_mean_rank": 0.10100447394492633,
        "arithmetic_mean_rank": 2042.5609130859375,
        "count": 3170.0,
        "geometric_mean_rank": 166.51710510253906,
        "harmonic_mean_rank": 9.861766815185547,
        "hits_at_1": 0.04700315457413249,
        "hits_at_10": 0.21861198738170348,
        "hits_at_3": 0.10441640378548896,
        "hits_at_5": 0.14668769716088328,
        "inverse_arithmetic_mean_rank": 0.000489581492729485,
        "inverse_geometric_mean_rank": 0.006005389150232077,
        "inverse_harmonic_mean_rank": 0.10140170902013779,
        "inverse_median_rank": 0.00477326987311244,
        "median_absolute_deviation": 307.63995361328125,
        "median_rank": 209.5,
        "standard_deviation": 3711.984619140625,
        "variance": 13778830.0,
        "z_arithmetic_mean_rank": 80.97141286743177,
        "z_geometric_mean_rank": 55.33005109927523,
        "z_hits_at_k": 603.7537039156263,
        "z_inverse_harmonic_mean_rank": 689.641994863219
      }
    },
    "head": {
      "optimistic": {
        "adjusted_arithmetic_mean_rank": 0.33117005330366933,
        "adjusted_arithmetic_mean_rank_index": 0.668886754156746,
        "adjusted_geometric_mean_rank_index": 0.7995233785212111,
        "adjusted_hits_at_k": 0.0065167565653322405,
        "adjusted_inverse_harmonic_mean_rank": 0.0030456102321581085,
        "arithmetic_mean_rank": 3899.4044164037855,
        "count": 1585.0,
        "geometric_mean_rank": 1735.6332977087825,
        "harmonic_mean_rank": 285.9153450842041,
        "hits_at_1": 0.0,
        "hits_at_10": 0.00694006309148265,
        "hits_at_3": 0.0,
        "hits_at_5": 0.0018927444794952682,
        "inverse_arithmetic_mean_rank": 0.0002564494197609406,
        "inverse_geometric_mean_rank": 0.0005761585706612707,
        "inverse_harmonic_mean_rank": 0.0034975387547159908,
        "inverse_median_rank": 0.0004464285714285714,
        "median_absolute_deviation": 2696.85343546169,
        "median_rank": 2240.0,
        "standard_deviation": 4424.95902020049,
        "variance": 19580262.330453683,
        "z_arithmetic_mean_rank": 46.04826861581401,
        "z_geometric_mean_rank": 31.88209234753113,
        "z_hits_at_k": 12.566279127048714,
        "z_inverse_harmonic_mean_rank": 14.498252119549974
      },
      "pessimistic": {
        "adjusted_arithmetic_mean_rank": 0.3311704819642019,
        "adjusted_arithmetic_mean_rank_index": 0.668886325459805,
        "adjusted_geometric_mean_rank_index": 0.7995229150348998,
        "adjusted_hits_at_k": 0.0065167565653322405,
        "adjusted_inverse_harmonic_mean_rank": 0.0030456065529926883,
        "arithmetic_mean_rank": 3899.4094637223975,
        "count": 1585.0,
        "geometric_mean_rank": 1735.6373080456617,
        "harmonic_mean_rank": 285.91564571106795,
        "hits_at_1": 0.0,
        "hits_at_10": 0.00694006309148265,
        "hits_at_3": 0.0,
        "hits_at_5": 0.0018927444794952682,
        "inverse_arithmetic_mean_rank": 0.00025644908781787554,
        "inverse_geometric_mean_rank": 0.0005761572393981356,
        "inverse_harmonic_mean_rank": 0.0034975350772183693,
        "inverse_median_rank": 0.0004464285714285714,
        "median_absolute_deviation": 2696.85343546169,
        "median_rank": 2240.0,
        "standard_deviation": 4424.960873715919,
        "variance": 19580278.73391675,
        "z_arithmetic_mean_rank": 46.04823910296781,
        "z_geometric_mean_rank": 31.88207386537817,
        "z_hits_at_k": 12.566279127048714,
        "z_inverse_harmonic_mean_rank": 14.498234605336467
      },
      "realistic": {
        "adjusted_arithmetic_mean_rank": 0.331170271231398,
        "adjusted_arithmetic_mean_rank_index": 0.6688865362105076,
        "adjusted_geometric_mean_rank_index": 0.7995232229778808,
        "adjusted_hits_at_k": 0.0065167565653322405,
        "adjusted_inverse_harmonic_mean_rank": 0.003045608469297202,
        "arithmetic_mean_rank": 3899.406982421875,
        "count": 1585.0,
        "geometric_mean_rank": 1735.6346435546875,
        "harmonic_mean_rank": 285.9154968261719,
        "hits_at_1": 0.0,
        "hits_at_10": 0.00694006309148265,
        "hits_at_3": 0.0,
        "hits_at_5": 0.0018927444794952682,
        "inverse_arithmetic_mean_rank": 0.0002564492460805923,
        "inverse_geometric_mean_rank": 0.0005761581123806536,
        "inverse_harmonic_mean_rank": 0.0034975369926542044,