{
  "losses": [
    1.0173548695067285,
    1.00317919813971,
    1.0001257087143374,
    1.000057407947773,
    1.0000521834467497,
    1.0000506306478116,
    1.0000498658614538,
    1.0000510022673808,
    1.000051198431024,
    1.0000476492962367,
    1.0000504056612651,
    1.000047699666359,
    1.0000476624484353,
    1.0000505480967776,
    1.0000503880317222,
    1.000051090415095,
    1.0000494684971555,
    1.000046560741926,
    1.0000484121237563,
    1.0000492790495286,
    1.000048083878459,
    1.0000465473098934,
    1.0000467014984347,
    1.0000455421461185,
    1.0000464443309767,
    0.9999697709307425,
    0.9941291193447203,
    0.9772851551082772,
    0.963176472366136,
    0.9456030533347332,
    0.9191700304058236,
    0.8911201853147694,
    0.8742439416652554,
    0.8662655848852345,
    0.8609700373640643,
    0.858966053091864,
    0.8563251201535614,
    0.8552155559051764,
    0.8544851622671029,
    0.851888356913983,
    0.8508864767114881,
    0.848739549307756,
    0.848270381840182,
    0.8483145097051987,
    0.846670279200648,
    0.8459086851894576,
    0.844888343777455,
    0.8439659392330009,
    0.8426465901410636,
    0.8428739910954041,
    0.8418163735541939,
    0.837674554245013,
    0.8242327878732636,
    0.7901659258094752,
    0.7353450907787806,
    0.6717648430609368,
    0.6288379660234765,
    0.6044848370999797,
    0.5906675015816666,
    0.5830997010351906,
    0.5787910947777296,
    0.5752915865938428,
    0.5720366981107864,
    0.5702942707728892,
    0.5671908449678914,
    0.5666585214820826,
    0.5649374804586312,
    0.5623368830748008,
    0.5622868328027322,
    0.560809076671869,
    0.5597201832023585,
    0.557612763604088,
    0.5576035640609096,
    0.5559152506047011,
    0.5544961079465391,
    0.5531712599763288,
    0.5527716277630677,
    0.5525882971678542,
    0.552114704125364,
    0.5513045705260246,
    0.5499613408191663,
    0.5489979422708072,
    0.5493245589341356,
    0.5491566897278101,
    0.5477528052990426,
    0.5483336980354059,
    0.5477446277096798,
    0.5481020886573433,
    0.5470661879145483,
    0.5473673978881657,
    0.5473030273903143,
    0.5466468141112529,
    0.5453950040776965,
    0.5453362407538812,
    0.5463454096529965,
    0.5458247213856156,
    0.5458691691009092,
    0.5450134690098919,
    0.5440135160242447,
    0.544344746450863
  ],
  "metrics": {
    "both": {
      "optimistic": {
        "adjusted_arithmetic_mean_rank": 0.033269506652460736,
        "adjusted_arithmetic_mean_rank_index": 0.9668104983289488,
        "adjusted_geometric_mean_rank_index": 0.9950642043820075,
        "adjusted_hits_at_k": 0.2911857631669069,
        "adjusted_inverse_harmonic_mean_rank": 0.14443295940891693,
        "arithmetic_mean_rank": 402.0413196668802,
        "count": 3122.0,
        "geometric_mean_rank": 44.84040180239106,
        "harmonic_mean_rank": 6.905527102137404,
        "hits_at_1": 0.0746316463805253,
        "hits_at_10": 0.2914798206278027,
        "hits_at_3": 0.1473414477898783,
        "hits_at_5": 0.19762972453555414,
        "inverse_arithmetic_mean_rank": 0.002487306530653543,
        "inverse_geometric_mean_rank": 0.022301316665424623,
        "inverse_harmonic_mean_rank": 0.144811537947694,
        "inverse_median_rank": 0.030303030303030304,
        "median_absolute_deviation": 45.96066877367366,
        "median_rank": 33.0,
        "standard_deviation": 1406.4027881744282,
        "variance": 1977968.8025848055,
        "z_arithmetic_mean_rank": 93.4498156920735,
        "z_geometric_mean_rank": 55.67476166222534,
        "z_hits_at_k": 798.6322672683682,
        "z_inverse_harmonic_mean_rank": 977.9064100870108
      },
      "pessimistic": {
        "adjusted_arithmetic_mean_rank": 0.033269533158373985,
        "adjusted_arithmetic_mean_rank_index": 0.966810471820842,
        "adjusted_geometric_mean_rank_index": 0.9950641634420769,
        "adjusted_hits_at_k": 0.2911857631669069,
        "adjusted_inverse_harmonic_mean_rank": 0.14443275399270522,
        "arithmetic_mean_rank": 402.0416399743754,
        "count": 3122.0,
        "geometric_mean_rank": 44.840765436371164,
        "harmonic_mean_rank": 6.905536893356906,
        "hits_at_1": 0.0746316463805253,
        "hits_at_10": 0.2914798206278027,
        "hits_at_3": 0.1473414477898783,
        "hits_at_5": 0.19762972453555414,
        "inverse_arithmetic_mean_rank": 0.0024873045490107345,
        "inverse_geometric_mean_rank": 0.022301135813994864,
        "inverse_harmonic_mean_rank": 0.14481133262237658,
        "inverse_median_rank": 0.030303030303030304,
        "median_absolute_deviation": 45.96066877367366,
        "median_rank": 33.0,
        "standard_deviation": 1406.4027056057944,
        "variance": 1977968.5703352988,
        "z_arithmetic_mean_rank": 93.4498131298571,
        "z_geometric_mean_rank": 55.6747593715984,
        "z_hits_at_k": 798.6322672683682,
        "z_inverse_harmonic_mean_rank": 977.9050192837551
      },
      "realistic": {
        "adjusted_arithmetic_mean_rank": 0.03326951937316361,
        "adjusted_arithmetic_mean_rank_index": 0.9668104856071932,
        "adjusted_geometric_mean_rank_index": 0.9950641847505237,
        "adjusted_hits_at_k": 0.2911857631669069,
        "adjusted_inverse_harmonic_mean_rank": 0.14443285795025657,
        "arithmetic_mean_rank": 402.0414733886719,
        "count": 3122.0,
        "geometric_mean_rank": 44.840576171875,
        "harmonic_mean_rank": 6.905531883239746,
        "hits_at_1": 0.0746316463805253,
        "hits_at_10": 0.2914798206278027,
        "hits_at_3": 0.1473414477898783,
        "hits_at_5": 0.19762972453555414,
        "inverse_arithmetic_mean_rank": 0.0024873055517673492,
        "inverse_geometric_mean_rank": 0.02230123057961464,
        "inverse_harmonic_mean_rank": 0.14481143653392792,
        "inverse_median_rank": 0.03030303120613098,
        "median_absolute_deviation": 45.960670471191406,
        "median_rank": 33.0,
        "standard_deviation": 1406.40283203125,
        "variance": 1977968.875,
        "z_arithmetic_mean_rank": 93.44981446241606,
        "z_geometric_mean_rank": 55.67476056382569,
        "z_hits_at_k": 798.6322672683682,
        "z_inverse_harmonic_mean_rank": 977.9057231449532
      }
    },
    "head": {
      "optimistic": {
        "adjusted_arithmetic_mean_rank": 0.05886023256492183,
        "adjusted_arithmetic_mean_rank_index": 0.9412199336093484,
        "adjusted_geometric_mean_rank_index": 0.9745975010976653,
        "adjusted_hits_at_k": 0.07263377143006075,
        "adjusted_inverse_harmonic_mean_rank": 0.032907619944205664,
        "arithmetic_mean_rank": 691.0698270339526,
        "count": 1561.0,
        "geometric_mean_rank": 220.14846544227214,
        "harmonic_mean_rank": 29.98751005393242,
        "hits_at_1": 0.009609224855861628,
        "hits_at_10": 0.07303010890454836,
        "hits_at_3": 0.028827674567584883,
        "hits_at_5": 0.042921204356181936,
        "inverse_arithmetic_mean_rank": 0.0014470317772257036,
        "inverse_geometric_mean_rank": 0.0045423891463019185,
        "inverse_harmonic_mean_rank": 0.03334721683132424,
        "inverse_median_rank": 0.0033112582781456954,
        "median_absolute_deviation": 403.26780343352374,
        "median_rank": 302.0,
        "standard_deviation": 1399.2716860460591,
        "variance": 1957961.2513701813,
        "z_arithmetic_mean_rank": 64.29843555719756,
        "z_geometric_mean_rank": 38.56844054524563,
        "z_hits_at_k": 138.78439261234774,
        "z_inverse_harmonic_mean_rank": 155.22655684706385
      },
      "pessimistic": {
        "adjusted_arithmetic_mean_rank": 0.05886028712778341,
        "adjusted_arithmetic_mean_rank_index": 0.9412198790418392,
        "adjusted_geometric_mean_rank_index": 0.9745970872119949,
        "adjusted_hits_at_k": 0.07263377143006075,
        "adjusted_inverse_harmonic_mean_rank": 0.03290720910682252,