{
  "losses": [
    0.7111775858173204,
    0.4566265392771975,
    0.380484908298634,
    0.3429874874098332,
    0.3046335149800413,
    0.27306419344187827,
    0.23271330592413655,
    0.1928452144999171,
    0.15966771747998276,
    0.13550098074445557,
    0.11115086882265374,
    0.09311265298307723,
    0.07852173533176751,
    0.06875696775857278,
    0.06243652773931557,
    0.05523465060950237,
    0.048669021739319425,
    0.04464116032076715,
    0.03957368591271634,
    0.03949699184845108,
    0.03391944194074281,
    0.032687238576175344,
    0.030613017717872514,
    0.029790568803986086,
    0.028630122442741972,
    0.025738726258196554,
    0.024215679188710374,
    0.0242786650549962,
    0.02472007449199832,
    0.024189215100585894
  ],
  "metrics": {
    "both": {
      "optimistic": {
        "adjusted_arithmetic_mean_rank": 0.044147810393820194,
        "adjusted_arithmetic_mean_rank_index": 0.9559311839527718,
        "adjusted_geometric_mean_rank_index": 0.9945666939643985,
        "adjusted_hits_at_k": 0.32495698341701057,
        "adjusted_inverse_harmonic_mean_rank": 0.2342076654599692,
        "arithmetic_mean_rank": 534.244164037855,
        "count": 3170.0,
        "geometric_mean_rank": 49.33062796389607,
        "harmonic_mean_rank": 4.263555201026656,
        "hits_at_1": 0.1949526813880126,
        "hits_at_10": 0.3252365930599369,
        "hits_at_3": 0.22902208201892746,
        "hits_at_5": 0.25141955835962143,
        "inverse_arithmetic_mean_rank": 0.0018718033201185198,
        "inverse_geometric_mean_rank": 0.020271381923860295,
        "inverse_harmonic_mean_rank": 0.23454604264516193,
        "inverse_median_rank": 0.01834862385321101,
        "median_absolute_deviation": 79.31921869004971,
        "median_rank": 54.5,
        "standard_deviation": 1153.8668486535946,
        "variance": 1331408.7044217775,
        "z_arithmetic_mean_rank": 93.11319465822285,
        "z_geometric_mean_rank": 56.072792274092144,
        "z_hits_at_k": 898.784209780741,
        "z_inverse_harmonic_mean_rank": 1599.131556371856
      },
      "pessimistic": {
        "adjusted_arithmetic_mean_rank": 0.044147810393820194,
        "adjusted_arithmetic_mean_rank_index": 0.9559311839527718,
        "adjusted_geometric_mean_rank_index": 0.9945666939643985,
        "adjusted_hits_at_k": 0.32495698341701057,
        "adjusted_inverse_harmonic_mean_rank": 0.2342076654599692,
        "arithmetic_mean_rank": 534.244164037855,
        "count": 3170.0,
        "geometric_mean_rank": 49.33062796389607,
        "harmonic_mean_rank": 4.263555201026656,
        "hits_at_1": 0.1949526813880126,
        "hits_at_10": 0.3252365930599369,
        "hits_at_3": 0.22902208201892746,
        "hits_at_5": 0.25141955835962143,
        "inverse_arithmetic_mean_rank": 0.0018718033201185198,
        "inverse_geometric_mean_rank": 0.020271381923860295,
        "inverse_harmonic_mean_rank": 0.23454604264516193,
        "inverse_median_rank": 0.01834862385321101,
        "median_absolute_deviation": 79.31921869004971,
        "median_rank": 54.5,
        "standard_deviation": 1153.8668486535946,
        "variance": 1331408.7044217775,
        "z_arithmetic_mean_rank": 93.11319465822285,
        "z_geometric_mean_rank": 56.072792274092144,
        "z_hits_at_k": 898.784209780741,
        "z_inverse_harmonic_mean_rank": 1599.131556371856
      },
      "realistic": {
        "adjusted_arithmetic_mean_rank": 0.044147808459075094,
        "adjusted_arithmetic_mean_rank_index": 0.9559311858876768,
        "adjusted_geometric_mean_rank_index": 0.9945666935942901,
        "adjusted_hits_at_k": 0.32495698341701057,
        "adjusted_inverse_harmonic_mean_rank": 0.23420767324759253,
        "arithmetic_mean_rank": 534.244140625,
        "count": 3170.0,
        "geometric_mean_rank": 49.330631256103516,
        "harmonic_mean_rank": 4.26355504989624,
        "hits_at_1": 0.1949526813880126,
        "hits_at_10": 0.3252365930599369,
        "hits_at_3": 0.22902208201892746,
        "hits_at_5": 0.25141955835962143,
        "inverse_arithmetic_mean_rank": 0.0018718034261837602,
        "inverse_geometric_mean_rank": 0.020271381363272667,
        "inverse_harmonic_mean_rank": 0.23454605042934418,
        "inverse_median_rank": 0.01834862306714058,
        "median_absolute_deviation": 79.31922149658203,
        "median_rank": 54.5,
        "standard_deviation": 1153.8668212890625,
        "variance": 1331408.625,
        "z_arithmetic_mean_rank": 93.11319484669373,
        "z_geometric_mean_rank": 56.072792253225764,
        "z_hits_at_k": 898.784209780741,
        "z_inverse_harmonic_mean_rank": 1599.1316095444718
      }
    },
    "head": {
      "optimistic": {
        "adjusted_arithmetic_mean_rank": 0.08887000877387737,
        "adjusted_arithmetic_mean_rank_index": 0.9112073785817061,
        "adjusted_geometric_mean_rank_index": 0.9500179511439915,
        "adjusted_hits_at_k": 0.025452269464341155,
        "adjusted_inverse_harmonic_mean_rank": 0.01360641213374428,
        "arithmetic_mean_rank": 1046.411356466877,
        "count": 1585.0,
        "geometric_mean_rank": 433.4720039364441,
        "harmonic_mean_rank": 71.156381251569,
        "hits_at_1": 0.0031545741324921135,
        "hits_at_10": 0.025867507886435333,
        "hits_at_3": 0.010094637223974764,
        "hits_at_5": 0.014511041009463722,
        "inverse_arithmetic_mean_rank": 0.0009556471208191193,
        "inverse_geometric_mean_rank": 0.002306954061436043,
        "inverse_harmonic_mean_rank": 0.014053553348427903,
        "inverse_median_rank": 0.0017793594306049821,
        "median_absolute_deviation": 710.1664626641833,
        "median_rank": 562.0,
        "standard_deviation": 1461.500669452838,
        "variance": 2135984.2068110937,
        "z_arithmetic_mean_rank": 62.73038279333214,
        "z_geometric_mean_rank": 37.883270037964884,
        "z_hits_at_k": 49.07967933116485,
        "z_inverse_harmonic_mean_rank": 64.77164788671732
      },
      "pessimistic": {
        "adjusted_arithmetic_mean_rank": 0.08887000877387737,
        "adjusted_arithmetic_mean_rank_index": 0.9112073785817061,
        "adjusted_geometric_mean_rank_index": 0.9500179511439915,
        "adjusted_hits_at_k": 0.025452269464341155,
        "adjusted_inverse_harmonic_mean_rank": 0.01360641213374428,
        "arithmetic_mean_rank": 1046.411356466877,
        "count": 1585.0,
        "geometric_mean_rank": 433.4720039364441,
        "harmonic_mean_rank": 71.156381251569,
        "hits_at_1": 0.0031545741324921135,
        "hits_at_10": 0.025867507886435333,
        "hits_at_3": 0.010094637223974764,
        "hits_at_5": 0.014511041009463722,
        "inverse_arithmetic_mean_rank": 0.0009556471208191193,
        "inverse_geometric_mean_rank": 0.002306954061436043,
        "inverse_harmonic_mean_rank": 0.014053553348427903,
        "inverse_median_rank": 0.0017793594306049821,
        "median_absolute_deviation": 710.1664626641833,
        "median_rank": 562.0,
        "standard_deviation": 1461.500669452838,
        "variance": 2135984.2068110937,
        "z_arithmetic_mean_rank": 62.73038279333214,
        "z_geometric_mean_rank": 37.883270037964884,
        "z_hits_at_k": 49.07967933116485,
        "z_inverse_harmonic_mean_rank": 64.77164788671732
      },
      "realistic": {
        "adjusted_arithmetic_mean_rank": 0.08887001051374098,
        "adjusted_arithmetic_mean_rank_index": 0.9112073768416946,
        "adjusted_geometric_mean_rank_index": 0.9500179639293486,
        "adjusted_hits_at_k": 0.025452269464341155,
        "adjusted_inverse_harmonic_mean_rank": 0.013606412128133046,
        "arithmetic_mean_rank": 1046.411376953125,
        "count": 1585.0,
        "geometric_mean_rank": 433.4718933105469,
        "harmonic_mean_rank": 71.15637969970703,
        "hits_at_1": 0.0031545741324921135,
        "hits_at_10": 0.025867507886435333,
        "hits_at_3": 0.010094637223974764,