{
  "losses": [
    0.7826777746063133,
    0.5092118707806783,
    0.40936122112399104,
    0.35119714539123936,
    0.2918399922452119,
    0.2196404624844222,
    0.14578195176530614,
    0.09564897917438803,
    0.06645468598044596,
    0.05459214999100527,
    0.044486963930316106,
    0.040054781435618754,
    0.035648658127406016,
    0.03259845451130552,
    0.030748856133948118,
    0.029947615065916918,
    0.02834342592538184,
    0.028281151811189658,
    0.026529441069095806,
    0.02466980700572245,
    0.024699662856790178,
    0.023374563384004034,
    0.022813322299107194,
    0.022270365798638475,
    0.02155854034046419
  ],
  "metrics": {
    "both": {
      "optimistic": {
        "adjusted_arithmetic_mean_rank": 0.06207297039324826,
        "adjusted_arithmetic_mean_rank_index": 0.9380045425670822,
        "adjusted_geometric_mean_rank_index": 0.9909855521464301,
        "adjusted_hits_at_k": 0.27004464826720215,
        "adjusted_inverse_harmonic_mean_rank": 0.11058402820907547,
        "arithmetic_mean_rank": 751.1611987381704,
        "count": 3170.0,
        "geometric_mean_rank": 81.18578792655683,
        "harmonic_mean_rank": 9.01087365831166,
        "hits_at_1": 0.04132492113564669,
        "hits_at_10": 0.2703470031545741,
        "hits_at_3": 0.11545741324921135,
        "hits_at_5": 0.18201892744479495,
        "inverse_arithmetic_mean_rank": 0.001331272171246117,
        "inverse_geometric_mean_rank": 0.012317426800176293,
        "inverse_harmonic_mean_rank": 0.11097703041009754,
        "inverse_median_rank": 0.016,
        "median_absolute_deviation": 89.69743421958891,
        "median_rank": 62.5,
        "standard_deviation": 1651.990365786735,
        "variance": 2729072.168652191,
        "z_arithmetic_mean_rank": 91.3670366952493,
        "z_geometric_mean_rank": 55.87089065956835,
        "z_hits_at_k": 746.9046002525457,
        "z_inverse_harmonic_mean_rank": 755.0496214227169
      },
      "pessimistic": {
        "adjusted_arithmetic_mean_rank": 0.06207297039324826,
        "adjusted_arithmetic_mean_rank_index": 0.9380045425670822,
        "adjusted_geometric_mean_rank_index": 0.9909855521464301,
        "adjusted_hits_at_k": 0.27004464826720215,
        "adjusted_inverse_harmonic_mean_rank": 0.11058402820907547,
        "arithmetic_mean_rank": 751.1611987381704,
        "count": 3170.0,
        "geometric_mean_rank": 81.18578792655683,
        "harmonic_mean_rank": 9.01087365831166,
        "hits_at_1": 0.04132492113564669,
        "hits_at_10": 0.2703470031545741,
        "hits_at_3": 0.11545741324921135,
        "hits_at_5": 0.18201892744479495,
        "inverse_arithmetic_mean_rank": 0.001331272171246117,
        "inverse_geometric_mean_rank": 0.012317426800176293,
        "inverse_harmonic_mean_rank": 0.11097703041009754,
        "inverse_median_rank": 0.016,
        "median_absolute_deviation": 89.69743421958891,
        "median_rank": 62.5,
        "standard_deviation": 1651.990365786735,
        "variance": 2729072.168652191,
        "z_arithmetic_mean_rank": 91.3670366952493,
        "z_geometric_mean_rank": 55.87089065956835,
        "z_hits_at_k": 746.9046002525457,
        "z_inverse_harmonic_mean_rank": 755.0496214227169
      },
      "realistic": {
        "adjusted_arithmetic_mean_rank": 0.06207296998911564,
        "adjusted_arithmetic_mean_rank_index": 0.9380045429712482,
        "adjusted_geometric_mean_rank_index": 0.99098555522993,
        "adjusted_hits_at_k": 0.27004464826720215,
        "adjusted_inverse_harmonic_mean_rank": 0.11058402908989828,
        "arithmetic_mean_rank": 751.1611938476562,
        "count": 3170.0,
        "geometric_mean_rank": 81.18576049804688,
        "harmonic_mean_rank": 9.010873794555664,
        "hits_at_1": 0.04132492113564669,
        "hits_at_10": 0.2703470031545741,
        "hits_at_3": 0.11545741324921135,
        "hits_at_5": 0.18201892744479495,
        "inverse_arithmetic_mean_rank": 0.001331272185780108,
        "inverse_geometric_mean_rank": 0.012317431159317493,
        "inverse_harmonic_mean_rank": 0.11097703129053116,
        "inverse_median_rank": 0.01600000075995922,
        "median_absolute_deviation": 89.69743347167969,
        "median_rank": 62.5,
        "standard_deviation": 1651.9903564453125,
        "variance": 2729072.0,
        "z_arithmetic_mean_rank": 91.3670367346174,
        "z_geometric_mean_rank": 55.87089083341336,
        "z_hits_at_k": 746.9046002525457,
        "z_inverse_harmonic_mean_rank": 755.0496274368307
      }
    },
    "head": {
      "optimistic": {
        "adjusted_arithmetic_mean_rank": 0.12503872345107736,
        "adjusted_arithmetic_mean_rank_index": 0.8750355918936945,
        "adjusted_geometric_mean_rank_index": 0.9253798419918781,
        "adjusted_hits_at_k": 0.011566226671734618,
        "adjusted_inverse_harmonic_mean_rank": 0.007056245098912931,
        "arithmetic_mean_rank": 1472.2845425867508,
        "count": 1585.0,
        "geometric_mean_rank": 646.6543900550225,
        "harmonic_mean_rank": 133.22044119311025,
        "hits_at_1": 0.0006309148264984228,
        "hits_at_10": 0.011987381703470032,
        "hits_at_3": 0.0018927444794952682,
        "hits_at_5": 0.005047318611987382,
        "inverse_arithmetic_mean_rank": 0.0006792165312304618,
        "inverse_geometric_mean_rank": 0.0015464211105331118,
        "inverse_harmonic_mean_rank": 0.00750635556408679,
        "inverse_median_rank": 0.0011918951132300357,
        "median_absolute_deviation": 1012.6173152393261,
        "median_rank": 839.0,
        "standard_deviation": 2095.9340618422902,
        "variance": 4392939.591590721,
        "z_arithmetic_mean_rank": 60.240203193613006,
        "z_geometric_mean_rank": 36.90079161099367,
        "z_hits_at_k": 22.303185848146352,
        "z_inverse_harmonic_mean_rank": 33.59038506673482
      },
      "pessimistic": {
        "adjusted_arithmetic_mean_rank": 0.12503872345107736,
        "adjusted_arithmetic_mean_rank_index": 0.8750355918936945,
        "adjusted_geometric_mean_rank_index": 0.9253798419918781,
        "adjusted_hits_at_k": 0.011566226671734618,
        "adjusted_inverse_harmonic_mean_rank": 0.007056245098912931,
        "arithmetic_mean_rank": 1472.2845425867508,
        "count": 1585.0,
        "geometric_mean_rank": 646.6543900550225,
        "harmonic_mean_rank": 133.22044119311025,
        "hits_at_1": 0.0006309148264984228,
        "hits_at_10": 0.011987381703470032,
        "hits_at_3": 0.0018927444794952682,
        "hits_at_5": 0.005047318611987382,
        "inverse_arithmetic_mean_rank": 0.0006792165312304618,
        "inverse_geometric_mean_rank": 0.0015464211105331118,
        "inverse_harmonic_mean_rank": 0.00750635556408679,
        "inverse_median_rank": 0.0011918951132300357,
        "median_absolute_deviation": 1012.6173152393261,
        "median_rank": 839.0,
        "standard_deviation": 2095.9340618422902,
        "variance": 4392939.591590721,
        "z_arithmetic_mean_rank": 60.240203193613006,
        "z_geometric_mean_rank": 36.90079161099367,
        "z_hits_at_k": 22.303185848146352,
        "z_inverse_harmonic_mean_rank": 33.59038506673482
      },
      "realistic": {
        "adjusted_arithmetic_mean_rank": 0.12503872373233352,
        "adjusted_arithmetic_mean_rank_index": 0.8750355916124145,
        "adjusted_geometric_mean_rank_index": 0.9253798174909109,
        "adjusted_hits_at_k": 0.011566226671734618,
        "adjusted_inverse_harmonic_mean_rank": 0.007056245178134453,
        "arithmetic_mean_rank": 1472.2845458984375,
        "count": 1585.0,
        "geometric_mean_rank": 646.6546020507812,
        "harmonic_mean_rank": 133.22044372558594,
        "hits_at_1": 0.0006309148264984228,
        "hits_at_10": 0.011987381703470032,
        "hits_at_3": 0.0018927444794952682,
        "hits_at_5": 0.005047318611987382,
        "inverse_arithmetic_mean_rank": 0.0006792165222577751,