{
  "losses": [
    1.0080597319977773,
    0.6636997656530689,
    0.2690819569550227,
    0.14691635387172866,
    0.09335304581962818,
    0.06797463199587368,
    0.06424533886485224,
    0.06111890235387082,
    0.0588498323765384,
    0.059027490836433966,
    0.05836523553624944,
    0.05836158655746535,
    0.05760646517099772,
    0.057704514258553365,
    0.056866060909876136,
    0.05726594473011629,
    0.05715094542529385,
    0.05603668132723679,
    0.05721525483516626,
    0.05623096770985158
  ],
  "metrics": {
    "both": {
      "optimistic": {
        "adjusted_arithmetic_mean_rank": 0.04335348796270191,
        "adjusted_arithmetic_mean_rank_index": 0.9567255720289575,
        "adjusted_geometric_mean_rank_index": 0.9970349308072864,
        "adjusted_hits_at_k": 0.4546637060984545,
        "adjusted_inverse_harmonic_mean_rank": 0.31751288001923766,
        "arithmetic_mean_rank": 524.6318611987382,
        "count": 3170.0,
        "geometric_mean_rank": 27.37503853110001,
        "harmonic_mean_rank": 3.1464900599822605,
        "hits_at_1": 0.24321766561514196,
        "hits_at_10": 0.45488958990536277,
        "hits_at_3": 0.35583596214511043,
        "hits_at_5": 0.3971608832807571,
        "inverse_arithmetic_mean_rank": 0.0019060984929796046,
        "inverse_geometric_mean_rank": 0.03652962894879319,
        "inverse_harmonic_mean_rank": 0.31781444750714954,
        "inverse_median_rank": 0.05555555555555555,
        "median_absolute_deviation": 25.204237714595234,
        "median_rank": 18.0,
        "standard_deviation": 1832.6474567552336,
        "variance": 3358596.7007514257,
        "z_arithmetic_mean_rank": 93.19057262518716,
        "z_geometric_mean_rank": 56.21194928851301,
        "z_hits_at_k": 1257.5343219421673,
        "z_inverse_harmonic_mean_rank": 2167.9259088129966
      },
      "pessimistic": {
        "adjusted_arithmetic_mean_rank": 0.04335348796270191,
        "adjusted_arithmetic_mean_rank_index": 0.9567255720289575,
        "adjusted_geometric_mean_rank_index": 0.9970349308072864,
        "adjusted_hits_at_k": 0.4546637060984545,
        "adjusted_inverse_harmonic_mean_rank": 0.31751288001923766,
        "arithmetic_mean_rank": 524.6318611987382,
        "count": 3170.0,
        "geometric_mean_rank": 27.37503853110001,
        "harmonic_mean_rank": 3.1464900599822605,
        "hits_at_1": 0.24321766561514196,
        "hits_at_10": 0.45488958990536277,
        "hits_at_3": 0.35583596214511043,
        "hits_at_5": 0.3971608832807571,
        "inverse_arithmetic_mean_rank": 0.0019060984929796046,
        "inverse_geometric_mean_rank": 0.03652962894879319,
        "inverse_harmonic_mean_rank": 0.31781444750714954,
        "inverse_median_rank": 0.05555555555555555,
        "median_absolute_deviation": 25.204237714595234,
        "median_rank": 18.0,
        "standard_deviation": 1832.6474567552336,
        "variance": 3358596.7007514257,
        "z_arithmetic_mean_rank": 93.19057262518716,
        "z_geometric_mean_rank": 56.21194928851301,
        "z_hits_at_k": 1257.5343219421673,
        "z_inverse_harmonic_mean_rank": 2167.9259088129966
      },
      "realistic": {
        "adjusted_arithmetic_mean_rank": 0.043353485875213774,
        "adjusted_arithmetic_mean_rank_index": 0.9567255741166181,
        "adjusted_geometric_mean_rank_index": 0.997034931064893,
        "adjusted_hits_at_k": 0.4546637060984545,
        "adjusted_inverse_harmonic_mean_rank": 0.31751290185920183,
        "arithmetic_mean_rank": 524.6318359375,
        "count": 3170.0,
        "geometric_mean_rank": 27.375036239624023,
        "harmonic_mean_rank": 3.1464898586273193,
        "hits_at_1": 0.24321766561514196,
        "hits_at_10": 0.45488958990536277,
        "hits_at_3": 0.35583596214511043,
        "hits_at_5": 0.3971608832807571,
        "inverse_arithmetic_mean_rank": 0.0019060985650867224,
        "inverse_geometric_mean_rank": 0.03652963042259216,
        "inverse_harmonic_mean_rank": 0.3178144693374634,
        "inverse_median_rank": 0.0555555559694767,
        "median_absolute_deviation": 25.204238891601562,
        "median_rank": 18.0,
        "standard_deviation": 1832.6473388671875,
        "variance": 3358596.25,
        "z_arithmetic_mean_rank": 93.19057282853731,
        "z_geometric_mean_rank": 56.21194930303665,
        "z_hits_at_k": 1257.5343219421673,
        "z_inverse_harmonic_mean_rank": 2167.9260579326924
      }
    },
    "head": {
      "optimistic": {
        "adjusted_arithmetic_mean_rank": 0.07400877677082145,
        "adjusted_arithmetic_mean_rank_index": 0.9260698728321433,
        "adjusted_geometric_mean_rank_index": 0.9709026526131395,
        "adjusted_hits_at_k": 0.07847170558156612,
        "adjusted_inverse_harmonic_mean_rank": 0.04154716184525449,
        "arithmetic_mean_rank": 871.4258675078864,
        "count": 1585.0,
        "geometric_mean_rank": 252.76615248171697,
        "harmonic_mean_rank": 23.819938077509068,
        "hits_at_1": 0.02018927444794953,
        "hits_at_10": 0.07886435331230283,
        "hits_at_3": 0.03596214511041009,
        "hits_at_5": 0.05110410094637224,
        "inverse_arithmetic_mean_rank": 0.0011475445442763953,
        "inverse_geometric_mean_rank": 0.00395622590359416,
        "inverse_harmonic_mean_rank": 0.041981637263121444,
        "inverse_median_rank": 0.002785515320334262,
        "median_absolute_deviation": 489.25873210684864,
        "median_rank": 359.0,
        "standard_deviation": 1708.4322504224606,
        "variance": 2918740.7542835535,
        "z_arithmetic_mean_rank": 63.75356365809291,
        "z_geometric_mean_rank": 38.7160761806965,
        "z_hits_at_k": 151.31719990269002,
        "z_inverse_harmonic_mean_rank": 197.78014301502247
      },
      "pessimistic": {
        "adjusted_arithmetic_mean_rank": 0.07400877677082145,
        "adjusted_arithmetic_mean_rank_index": 0.9260698728321433,
        "adjusted_geometric_mean_rank_index": 0.9709026526131395,
        "adjusted_hits_at_k": 0.07847170558156612,
        "adjusted_inverse_harmonic_mean_rank": 0.04154716184525449,
        "arithmetic_mean_rank": 871.4258675078864,
        "count": 1585.0,
        "geometric_mean_rank": 252.76615248171697,
        "harmonic_mean_rank": 23.819938077509068,
        "hits_at_1": 0.02018927444794953,
        "hits_at_10": 0.07886435331230283,
        "hits_at_3": 0.03596214511041009,
        "hits_at_5": 0.05110410094637224,
        "inverse_arithmetic_mean_rank": 0.0011475445442763953,
        "inverse_geometric_mean_rank": 0.00395622590359416,
        "inverse_harmonic_mean_rank": 0.041981637263121444,
        "inverse_median_rank": 0.002785515320334262,
        "median_absolute_deviation": 489.25873210684864,
        "median_rank": 359.0,
        "standard_deviation": 1708.4322504224606,
        "variance": 2918740.7542835535,
        "z_arithmetic_mean_rank": 63.75356365809291,
        "z_geometric_mean_rank": 38.7160761806965,
        "z_hits_at_k": 151.31719990269002,
        "z_inverse_harmonic_mean_rank": 197.78014301502247
      },
      "realistic": {
        "adjusted_arithmetic_mean_rank": 0.07400877462869614,
        "adjusted_arithmetic_mean_rank_index": 0.9260698749744505,
        "adjusted_geometric_mean_rank_index": 0.9709026465626354,
        "adjusted_hits_at_k": 0.07847170558156612,
        "adjusted_inverse_harmonic_mean_rank": 0.0415471620601052,
        "arithmetic_mean_rank": 871.4258422851562,
        "count": 1585.0,
        "geometric_mean_rank": 252.76620483398438,
        "harmonic_mean_rank": 23.81993865966797,
        "hits_at_1": 0.02018927444794953,
        "hits_at_10": 0.07886435331230283,
        "hits_at_3": 0.03596214511041009,
        "hits_at_5": 0.05110410094637224,
        "inverse_arithmetic_mean_rank": 0.0011475445935502648,
        "inverse_geometric_mean_rank": 0.003956225235015154,
        "inverse_harmonic_mean_rank": 0.041981637477874756,